{"0": [35.14811325073242, 7.231805801391602], "1": [66.01847076416016, -9.918392181396484], "2": [17.997913360595703, 0.3717269003391266], "3": [237.5204620361328, -13.348431587219238], "4": [14.56787395477295, 14.091885566711426], "5": [307.8362731933594, 225.03932189941406], "6": [114.03902435302734, 247.33457946777344], "7": [237.5204620361328, 110.13299560546875], "8": [230.66036987304688, 127.28318786621094], "9": [237.5204620361328, 113.56303405761719], "10": [261.5307312011719, 123.8531494140625], "11": [278.6809387207031, 116.99307250976562], "12": [175.7797393798828, 165.0136260986328], "13": [120.89910888671875, 250.76461791992188], "14": [127.75918579101562, 250.76461791992188], "15": [237.5204620361328, 137.57330322265625], "16": [240.95050048828125, 130.71322631835938]}{"0": [35.14811325073242, 7.231805801391602], "1": [66.01847076416016, -9.918392181396484], "2": [17.997913360595703, 0.3717269003391266], "3": [237.5204620361328, -13.348431587219238], "4": [14.56787395477295, 14.091885566711426], "5": [307.8362731933594, 225.03932189941406], "6": [114.03902435302734, 247.33457946777344], "7": [237.5204620361328, 110.13299560546875], "8": [230.66036987304688, 127.28318786621094], "9": [237.5204620361328, 113.56303405761719], "10": [261.5307312011719, 123.8531494140625], "11": [278.6809387207031, 116.99307250976562], "12": [175.7797393798828, 165.0136260986328], "13": [120.89910888671875, 250.76461791992188], "14": [127.75918579101562, 250.76461791992188], "15": [237.5204620361328, 137.57330322265625], "16": [240.95050048828125, 130.71322631835938]}